PATH,LINE,SMELL,CATEGORY
Icinga@puppet-icinga2-examples-hostgroup.pp,0,none,none
Mirantis@solar-resources-cinder_puppet-actions-run.pp,0,none,none
alphagov@govuk-puppet-modules-govuk_ci-manifests-agent-redis.pp,0,none,none
alphagov@govuk-puppet-modules-govuk_jenkins-manifests-jobs-scrape_icinga_alerts_for_dashboard_metrics.pp,0,none,none
alphagov@govuk-puppet-modules-govuk_jenkins-manifests-jobs-smokey.pp,0,none,none
alphagov@govuk-puppet-modules-govuk_rbenv-manifests-all.pp,0,none,none
boxbilling@boxbilling-puphpet-puppet-modules-apache-manifests-mod-pagespeed.pp,0,none,none
boxbilling@boxbilling-puphpet-puppet-modules-apache-manifests-ssl.pp,0,none,none
boxbilling@boxbilling-puphpet-puppet-modules-yum-manifests-repo-jpackage6.pp,0,none,none
camptocamp@puppet-python-manifests-pip-couchdb.pp,0,none,none
cargomedia@puppet-packages-modules-capistrano-manifests-init.pp,0,none,none
cargomedia@puppet-packages-modules-ulimit-manifests-entry.pp,0,none,none
ceph@puppet-ceph-manifests-mds.pp,0,none,none
duritong@puppet-shorewall-manifests-dnat_rule.pp,0,none,none
fuel-infra@puppet-manifests-modules-obs_server-manifests-folders.pp,0,none,none
mattheath@puppet-php-manifests-5_3_11.pp,0,none,none
mattheath@puppet-php-manifests-fpm-5_3_15.pp,0,none,none
mayflower@wasted-site-component-manifests-mongodb.pp,0,none,none
mikeedwards83@Glass.Mapper-Archived-Glass.Mapper.Umb.CastleWindsor-App_Start-GlassMapperUmb.cs.pp,0,none,none
norcams@himlar-profile-manifests-highavailability-loadbalancing-haproxy-list.pp,0,none,none
norcams@himlar-profile-manifests-storage-ceph-zonegroup.pp,0,none,none
openstack@fuel-library-deployment-puppet-cluster-manifests-conntrackd_ocf.pp,0,none,none
openstack@fuel-library-deployment-puppet-openstack_tasks-examples-heat-cfn_keystone.pp,0,none,none
openstack@fuel-library-deployment-puppet-osnailyfacter-manifests-plugins-plugins_rsync.pp,0,none,none
openstack@fuel-library-deployment-puppet-tweaks-manifests-ubuntu_service_override.pp,0,none,none
openstack@fuel-octane-deployment-puppet-octane_tasks-modular-mysqldump_restore.pp,0,none,none
openstack@puppet-monasca-manifests-virtualenv-instance.pp,0,none,none
openstack@puppet-neutron-manifests-params.pp,0,none,none
openstack@puppet-neutron-manifests-server-placement.pp,0,none,none
openstack@puppet-tripleo-manifests-profile-base-manila-api.pp,0,none,none
openstack@puppet-tripleo-manifests-profile-base-manila-scheduler.pp,0,none,none
openstack@puppet-tripleo-manifests-profile-base-neutron-wrappers-dibbler_client.pp,0,none,none
openstack@puppet-tripleo-manifests-stunnel-service_proxy.pp,0,none,none
poetic@our-boxen-manifests-site.pp,0,none,none
poetic@our-boxen-modules-people-manifests-bobobhai.pp,0,none,none
puppetlabs@pltraining-userprefs-examples-npp.pp,0,none,none
puppetlabs@puppetlabs-mysql-manifests-server-config.pp,0,none,none
quintel@boxen-modules-nodejs-manifests-v0_4.pp,0,none,none
thiagoarrais@gtk2hs-gtk-Graphics-UI-Gtk-Gdk-PixbufData.hs.pp,0,none,none
voxpupuli@puppet-nginx-examples-server_ssl.pp,0,none,none
voxpupuli@puppet-rabbitmq-examples-server.pp,0,none,none
wesleytodd@YeoPress-app-templates-puppet-modules-mysql-manifests-ruby.pp,0,none,none
wikimedia@mediawiki-vagrant-puppet-modules-ocg-manifests-init.pp,0,none,none
wikimedia@mediawiki-vagrant-puppet-modules-role-manifests-notebook.pp,0,none,none
wikimedia@mediawiki-vagrant-puppet-modules-xhprofgui-manifests-init.pp,0,none,none
cargomedia@puppet-packages-modules-mysql-manifests-server-instance.pp,1,Empty password,Empty password
alphagov@govuk-puppet-modules-govuk-manifests-node-s_calculators_frontend.pp,1,Suspicious comment,Suspicious comment
alphagov@govuk-puppet-modules-govuk_elasticsearch-manifests-dump.pp,1,Suspicious comment,Suspicious comment
alphagov@govuk-puppet-modules-govuk_rabbitmq-manifests-monitoring.pp,1,Suspicious comment,Suspicious comment
alphagov@govuk-puppet-modules-icinga-manifests-init.pp,1,Suspicious comment,Suspicious comment
voxpupuli@puppet-rabbitmq-examples-permissions-add.pp,2,Hard-coded secret,Hard-coded secret
SecGen@SecGen-modules-vulnerabilities-unix-access_control_misconfigurations-uid_less_root-uid_less_root.pp,2,Admin by default,none
SecGen@SecGen-modules-services-unix-database-mysql-manifests-backup-xtrabackup.pp,3,Empty password,none
SecGen@SecGen-modules-services-unix-database-mysql-manifests-backup-xtrabackup.pp,4,Empty password,Empty password
alphagov@govuk-puppet-modules-users-manifests-felisialoukou.pp,5,none,Hard-coded secret
StackStorm@st2workroom-modules-profile-manifests-ec2.pp,5,Hard-coded secret,none
SecGen@SecGen-modules-services-unix-http-tomcat-manifests-instance-dependencies.pp,6,Use of weak cryptography algorithms,none
Automattic@vip-quickstart-puppet-manifests-sections-mail.pp,7,Admin by default,Admin by default
SecGen@SecGen-modules-services-unix-http-tomcat-manifests-instance-dependencies.pp,7,Use of weak cryptography algorithms,none
danofthewired@puppet-bitbucket-examples-bitbucket_mysql_java_install.pp,9,Hard-coded secret,Hard-coded secret
openstack@fuel-library-deployment-puppet-openstack_tasks-manifests-ironic-db.pp,9,Admin by default,none
puppetlabs@puppetlabs-apache-manifests-mod-ssl.pp,9,Use of weak cryptography algorithms,none
openstack@puppet-openstack-integration-manifests-designate.pp,11,Hard-coded secret,Hard-coded secret
danofthewired@puppet-bitbucket-examples-bitbucket_mysql_java_install.pp,13,none,Hard-coded secret
openstack@fuel-library-deployment-puppet-openstack_tasks-manifests-ironic-db.pp,13,Hard-coded secret,none
danofthewired@puppet-bitbucket-examples-bitbucket_mysql_java_install.pp,14,Hard-coded secret,Hard-coded secret
openstack@puppet-openstack-integration-manifests-designate.pp,16,Hard-coded secret,Hard-coded secret
alphagov@govuk-puppet-modules-govuk_beat-manifests-repo.pp,16,none,Use of HTTP without SSL/TLS
boxbilling@boxbilling-puphpet-puppet-modules-puphpet-manifests-php-pecl.pp,17,none,Missing Default in Case Statement
openstack@fuel-library-deployment-puppet-openstack_tasks-manifests-ironic-db.pp,19,Hard-coded secret,none
cargomedia@puppet-packages-modules-backup-manifests-agent.pp,21,Admin by default,Admin by default
Yelp@puppet-uchiwa-manifests-repo-yum.pp,21,No integrity check,No integrity check
quintel@boxen-modules-osx-manifests-recovery_message.pp,22,Admin by default,Admin by default
purpleidea@puppet-gluster-manifests-simple.pp,22,Suspicious comment,Suspicious comment
alphagov@govuk-puppet-modules-govuk_postgresql-manifests-env_sync_user.pp,23,Use of weak cryptography algorithms,Use of weak cryptography algorithms
puphpet@puppet-puphpet-manifests-nginx-params.pp,25,Use of weak cryptography algorithms,Use of weak cryptography algorithms
cargomedia@puppet-packages-modules-backup-manifests-agent.pp,26,Admin by default,Admin by default
purpleidea@puppet-gluster-manifests-simple.pp,26,Empty password,Empty password
openstack@puppet-openstack-integration-manifests-designate.pp,26,none,Hard-coded secret
openstack@puppet-openstack-integration-manifests-designate.pp,27,Hard-coded secret,Hard-coded secret
voxpupuli@puppet-rundeck-manifests-config-global-framework.pp,28,Use of HTTP without SSL/TLS,none
quintel@boxen-modules-osx-manifests-recovery_message.pp,29,Admin by default,Admin by default
boxbilling@boxbilling-puphpet-puppet-modules-puphpet-manifests-php-pecl.pp,29,Missing Default in Case Statement,Missing Default in Case Statement
alphagov@govuk-puppet-modules-govuk-manifests-node-s_calculators_frontend.pp,29,Unrestricted IP Address,Unrestricted IP Address
Vizir@carnival-vagrant-modules-apt-manifests-backports.pp,31,Missing Default in Case Statement,Missing Default in Case Statement
SecGen@SecGen-modules-services-unix-database-mysql-manifests-backup-xtrabackup.pp,32,Admin by default,Admin by default
boxbilling@boxbilling-puphpet-puppet-modules-puphpet-manifests-php-pecl.pp,32,Missing Default in Case Statement,Missing Default in Case Statement
openstack@puppet-openstack-integration-manifests-designate.pp,32,Hard-coded secret,none
cargomedia@puppet-packages-modules-backup-manifests-agent.pp,33,Admin by default,Admin by default
openstack@fuel-library-deployment-puppet-osnailyfacter-manifests-ssh.pp,34,Use of weak cryptography algorithms,Use of weak cryptography algorithms
Vizir@carnival-vagrant-modules-apt-manifests-backports.pp,35,Missing Default in Case Statement,Missing Default in Case Statement
openstack@fuel-library-deployment-puppet-osnailyfacter-manifests-ssh.pp,35,Use of weak cryptography algorithms,Use of weak cryptography algorithms
openstack@puppet-tripleo-manifests-profile-base-aide-installdb.pp,36,Admin by default,Admin by default
puphpet@puppet-puphpet-manifests-nginx-params.pp,36,Missing Default in Case Statement,Missing Default in Case Statement
hubspotdevops@puppet-nexus-manifests-params.pp,36,Unrestricted IP Address,Unrestricted IP Address
openstack@puppet-openstack-integration-manifests-designate.pp,37,Suspicious comment,Suspicious comment
openstack@puppet-openstack-integration-manifests-designate.pp,39,Hard-coded secret,Hard-coded secret
openstack@puppet-openstack-integration-manifests-designate.pp,40,Use of HTTP without SSL/TLS,Use of HTTP without SSL/TLS
puphpet@puppet-puphpet-manifests-nginx-params.pp,41,Missing Default in Case Statement,Missing Default in Case Statement
openstack@puppet-openstack-integration-manifests-designate.pp,41,Use of HTTP without SSL/TLS,Use of HTTP without SSL/TLS
SecGen@SecGen-modules-services-unix-database-mysql-manifests-backup-xtrabackup.pp,42,Admin by default,Admin by default
boxbilling@boxbilling-puphpet-puppet-modules-puphpet-manifests-php-pecl.pp,42,Missing Default in Case Statement,Missing Default in Case Statement
openstack@puppet-openstack-integration-manifests-designate.pp,42,Use of HTTP without SSL/TLS,Use of HTTP without SSL/TLS
SecGen@SecGen-modules-services-unix-smb-samba-manifests-params.pp,44,Admin by default,Admin by default
openstack@puppet-tripleo-manifests-profile-base-aide-installdb.pp,44,Admin by default,Admin by default
boxbilling@boxbilling-puphpet-puppet-modules-puphpet-manifests-php-pecl.pp,44,none,Missing Default in Case Statement
openstack@puppet-openstack-integration-manifests-designate.pp,45,Hard-coded secret,Hard-coded secret
quintel@boxen-modules-osx-manifests-recovery_message.pp,48,Admin by default,Admin by default
alphagov@govuk-puppet-modules-govuk_mysql-manifests-server.pp,48,Empty password,Empty password
openstack@puppet-openstack-integration-manifests-designate.pp,55,Use of HTTP without SSL/TLS,Use of HTTP without SSL/TLS
quintel@boxen-modules-osx-manifests-recovery_message.pp,67,Admin by default,Admin by default
puppetlabs@puppetlabs-apache-manifests-mod-ssl.pp,68,none,Missing Default in Case Statement
SecGen@SecGen-modules-utilities-unix-firewall-firewall-manifests-linux-redhat.pp,72,Empty password,none
Juniper@contrail-puppet-contrail-environment-modules-contrail-manifests-collector-config.pp,74,Unrestricted IP Address,Unrestricted IP Address
purpleidea@puppet-gluster-manifests-simple.pp,81,Suspicious comment,Suspicious comment
alphagov@govuk-puppet-modules-govuk_mysql-manifests-server.pp,84,Unrestricted IP Address,Unrestricted IP Address
openstack@puppet-openstack-integration-manifests-designate.pp,91,Hard-coded secret,none
redhat-openstack@puppet-galera-manifests-server.pp,98,Admin by default,Admin by default
purpleidea@puppet-gluster-manifests-simple.pp,98,Empty password,none
redhat-openstack@puppet-galera-manifests-server.pp,99,Empty password,Empty password
openstack@puppet-openstack-integration-manifests-designate.pp,100,Suspicious comment,Suspicious comment
redhat-openstack@puppet-galera-manifests-server.pp,106,Unrestricted IP Address,Unrestricted IP Address
SecGen@SecGen-modules-services-unix-smb-samba-manifests-params.pp,111,Unrestricted IP Address,Unrestricted IP Address
mattheath@puppet-php-manifests-version.pp,122,Suspicious comment,none
purpleidea@puppet-gluster-manifests-simple.pp,145,Suspicious comment,Suspicious comment
